Week No,Curr_Rank,Prev_Rank,Operator,Alliance,Curr_Total_TEU,Prev_Total_TEU,Var_Total_TEU,Curr_Total_Ships,Prev_Total_Ships,Var_Total_Ships,Curr_Owned_TEU,Prev_Owned_TEU,Var_Owned_TEU,Curr_Owned_Ships,Prev_Owned_Ships,Var_Owned_Ships,Curr_Chartered_TEU,Prev_Chartered_TEU,Var_Chartered_TEU,Curr_Chartered_Ships,Prev_Chartered_Ships,Var_Chartered_Ships,Curr_Orderbook_TEU,Prev_Orderbook_TEU,Var_Orderbook_TEU,Curr_Orderbook_Ships,Prev_Orderbook_Ships,Var_Orderbook_Ships
40.0,1.0,1.0,Mediterranean Shg Co,,7454694,7433655,21039,1016,1013,3,4784229,4780490,3739,766,765,1,2670465,2653165,17300,250,248,2,2909318,2909318,0,164,164,0
40.0,2.0,2.0,Maersk,,4739471,4753254,-13783,752,753,-1,2943996,2943996,0,359,359,0,1795475,1809258,-13783,393,394,-1,1721842,1203156,518686,124,93,31
40.0,3.0,3.0,CMA CGM Group,Ocean Alliance,4410710,4411667,-957,725,726,-1,2928460,2928460,0,382,382,0,1482250,1483207,-957,343,344,-1,1734187,1734187,0,163,163,0
40.0,4.0,4.0,COSCO Group,Ocean Alliance,3649875,3648800,1075,566,565,1,2202330,2202330,0,210,210,0,1447545,1446470,1075,356,355,1,1912546,1913621,-1075,155,156,-1
40.0,5.0,5.0,Hapag-Lloyd,,2391363,2395913,-4550,285,286,-1,1455918,1455918,0,134,134,0,935445,939995,-4550,151,152,-1,489224,491094,-1870,62,63,-1
40.0,6.0,6.0,ONE (Ocean Network Express),Premier Alliance,2179882,2179882,0,271,271,0,1037548,1037548,0,111,111,0,1142334,1142334,0,160,160,0,584268,584268,0,47,47,0
40.0,7.0,7.0,Evergreen Line,Ocean Alliance,2040081,2023525,16556,243,242,1,1496083,1479527,16556,170,169,1,543998,543998,0,73,73,0,851904,868460,-16556,75,76,-1
40.0,8.0,8.0,HMM Co Ltd,Premier Alliance,1036129,1036129,0,98,98,0,847404,847404,0,72,72,0,188725,188725,0,26,26,0,220642,220642,0,36,36,0
40.0,9.0,9.0,Yang Ming Marine Transport Corp.,Premier Alliance,771280,771280,0,99,99,0,397896,397896,0,64,64,0,373384,373384,0,35,35,0,256660,256660,0,20,20,0
40.0,10.0,10.0,Zim,,695813,695813,0,114,114,0,92934,92934,0,15,15,0,602879,602879,0,99,99,0,222236,181836,40400,27,23,4
40.0,11.0,11.0,Wan Hai Lines,,633064,633064,0,125,125,0,633064,633064,0,125,125,0,0,0,0,0,0,0,495800,495800,0,48,48,0
40.0,12.0,12.0,PIL (Pacific Int. Line),,472200,472200,0,102,102,0,334825,334825,0,83,83,0,137375,137375,0,19,19,0,305798,305798,0,29,29,0
40.0,13.0,13.0,SITC,,187297,186241,1056,121,120,1,163687,163687,0,99,99,0,23610,22554,1056,22,21,1,66232,66232,0,37,37,0
40.0,14.0,14.0,X-Press Feeders Group,,179238,182776,-3538,102,104,-2,109624,109624,0,56,56,0,69614,73152,-3538,46,48,-2,83200,72200,11000,18,17,1
40.0,15.0,15.0,KMTC,,166448,166448,0,67,67,0,94721,94721,0,30,30,0,71727,71727,0,37,37,0,73356,73356,0,11,11,0
40.0,16.0,16.0,Global Feeder Shipping LLC,,148611,148611,0,58,58,0,59977,59977,0,25,25,0,88634,88634,0,33,33,0,11152,11152,0,3,3,0
40.0,17.0,17.0,DP World,,147469,147807,-338,85,85,0,28788,13582,15206,9,2,7,118681,134225,-15544,76,83,-7,74161,74161,0,11,11,0
40.0,18.0,18.0,IRISL Group,,141182,141182,0,28,28,0,141182,141182,0,28,28,0,0,0,0,0,0,0,0,0,0,0,0,0
40.0,19.0,19.0,TS Lines,,125784,125784,0,45,45,0,106059,106059,0,38,38,0,19725,19725,0,7,7,0,69432,69432,0,15,15,0
40.0,20.0,20.0,Sinokor Merchant Marine,,124496,124496,0,68,68,0,122711,122711,0,67,67,0,1785,1785,0,1,1,0,52000,52000,0,4,4,0
40.0,21.0,21.0,Emirates Shipping Line,,112110,109729,2381,24,23,1,0,0,0,0,0,0,112110,109729,2381,24,23,1,42510,42510,0,3,3,0
40.0,22.0,22.0,China United Lines (CULines),,106809,105382,1427,45,44,1,18120,18120,0,10,10,0,88689,87262,1427,35,34,1,91693,91693,0,18,18,0
40.0,23.0,23.0,RCL (Regional Container L.),,91433,91433,0,32,32,0,80811,80811,0,26,26,0,10622,10622,0,6,6,0,145442,143852,1590,28,28,0
40.0,24.0,24.0,Ningbo Ocean Shg Co,,87650,87650,0,87,87,0,61418,61418,0,49,49,0,26232,26232,0,38,38,0,60400,60400,0,20,20,0
40.0,25.0,25.0,Interasia Lines,,85077,85077,0,28,28,0,64553,64553,0,22,22,0,20524,20524,0,6,6,0,65070,65070,0,13,13,0
40.0,26.0,26.0,Tangshan Port Hede Shipping,,77116,77116,0,53,53,0,1874,1874,0,3,3,0,75242,75242,0,50,50,0,2693,2693,0,1,1,0
40.0,27.0,27.0,Grimaldi (Napoli),,76582,76582,0,49,49,0,76582,76582,0,49,49,0,0,0,0,0,0,0,0,0,0,0,0,0
40.0,28.0,28.0,Antong Holdings (QASC),,72564,72564,0,71,71,0,53994,53994,0,37,37,0,18570,18570,0,34,34,0,0,0,0,0,0,0
40.0,29.0,29.0,Sinolines,,68743,68743,0,42,42,0,30566,30566,0,19,19,0,38177,38177,0,23,23,0,52000,52000,0,12,12,0
40.0,30.0,30.0,Matson,,68420,68420,0,28,28,0,40355,40355,0,19,19,0,28065,28065,0,9,9,0,10860,10860,0,3,3,0
40.0,31.0,31.0,SM Line Corp.,,66801,66801,0,15,15,0,64188,64188,0,13,13,0,2613,2613,0,2,2,0,0,0,0,0,0,0
40.0,32.0,32.0,Shanghai Jin Jiang Shipping,,66023,66023,0,55,55,0,32449,32449,0,27,27,0,33574,33574,0,28,28,0,27200,27200,0,16,16,0
40.0,33.0,33.0,Swire Shipping,,59502,59502,0,30,30,0,47917,47917,0,23,23,0,11585,11585,0,7,7,0,0,0,0,0,0,0
40.0,34.0,34.0,Zhonggu Logistics Corp.,,55725,55725,0,60,60,0,19957,19957,0,12,12,0,35768,35768,0,48,48,0,67800,67800,0,18,18,0
40.0,35.0,35.0,FESCO,,54817,54817,0,38,38,0,36292,36292,0,23,23,0,18525,18525,0,15,15,0,0,0,0,0,0,0
40.0,36.0,36.0,Arkas Line / EMES,,54795,54795,0,34,34,0,52687,52687,0,32,32,0,2108,2108,0,2,2,0,44892,44892,0,12,12,0
40.0,37.0,37.0,Seaboard Marine,,46260,46260,0,23,23,0,34347,34347,0,14,14,0,11913,11913,0,9,9,0,4874,4874,0,2,2,0
40.0,38.0,38.0,Samudera,,44850,44850,0,32,32,0,13175,13175,0,14,14,0,31675,31675,0,18,18,0,0,0,0,0,0,0
40.0,39.0,39.0,Akkon Lines,,44793,44793,0,32,32,0,1776,1776,0,2,2,0,43017,43017,0,30,30,0,3630,3630,0,1,1,0
40.0,40.0,40.0,Meratus,,44038,44051,-13,66,66,0,44038,44051,-13,66,66,0,0,0,0,0,0,0,6146,6159,-13,9,9,0
40.0,41.0,41.0,Tailwind Shipping Lines,,43406,43406,0,12,12,0,6330,6330,0,2,2,0,37076,37076,0,10,10,0,42000,42000,0,5,5,0
40.0,42.0,42.0,Namsung Shipping,,39768,40492,-724,30,31,-1,37339,37339,0,27,27,0,2429,3153,-724,3,4,-1,15940,15940,0,5,5,0
40.0,43.0,43.0,Tanto Intim Line,,38554,38554,0,57,57,0,38554,38554,0,57,57,0,0,0,0,0,0,0,1854,1854,0,2,2,0
40.0,44.0,44.0,Shandong Marine Corporation,,31618,31618,0,46,46,0,11598,11598,0,17,17,0,20020,20020,0,29,29,0,6320,6320,0,4,4,0
40.0,45.0,45.0,Salam Pacific Indonesia Lines,,31010,31010,0,44,44,0,31010,31010,0,44,44,0,0,0,0,0,0,0,0,0,0,0,0,0
40.0,46.0,47.0,Great White Fleet,,29973,27232,2741,14,13,1,17481,14740,2741,7,6,1,12492,12492,0,7,7,0,15500,15500,0,5,5,0
40.0,47.0,46.0,Linea Messina,,27682,27682,0,12,12,0,22358,22358,0,5,5,0,5324,5324,0,7,7,0,0,0,0,0,0,0
40.0,48.0,49.0,Sea Legend Shipping,,21556,21556,0,9,9,0,4890,4890,0,1,1,0,16666,16666,0,8,8,0,0,0,0,0,0,0
40.0,49.0,50.0,Dole Ocean Liner,,21150,21150,0,16,16,0,20610,20610,0,14,14,0,540,540,0,2,2,0,0,0,0,0,0,0
40.0,50.0,51.0,Chun Kyung (CK Line),,20211,20211,0,18,18,0,13236,13236,0,9,9,0,6975,6975,0,9,9,0,15012,15012,0,4,4,0
40.0,51.0,52.0,Asean Seas Line,,20181,20181,0,15,15,0,1781,1781,0,1,1,0,18400,18400,0,14,14,0,10600,10600,0,2,2,0
40.0,52.0,48.0,Hainan Yangpu Newnew Shipping,,19470,21914,-2444,7,8,-1,18250,18250,0,6,6,0,1220,3664,-2444,1,2,-1,9620,9620,0,2,2,0
40.0,53.0,53.0,Crowley Liner Services,,19142,19142,0,16,16,0,11094,11094,0,9,9,0,8048,8048,0,7,7,0,0,0,0,0,0,0
40.0,54.0,54.0,Kawa Shipping,,18644,18644,0,10,10,0,0,0,0,0,0,0,18644,18644,0,10,10,0,24206,24206,0,5,5,0
40.0,55.0,55.0,Tropical Shg / TOTE Maritime,,18203,18203,0,24,24,0,16535,16535,0,21,21,0,1668,1668,0,3,3,0,0,0,0,0,0,0
40.0,56.0,56.0,Shipping Corp. of India,,17834,17834,0,3,3,0,8800,8800,0,2,2,0,9034,9034,0,1,1,0,0,0,0,0,0,0
40.0,57.0,57.0,Temas Line,,17743,17743,0,35,35,0,17743,17743,0,35,35,0,0,0,0,0,0,0,3430,3430,0,7,7,0
40.0,58.0,58.0,Bengal Tiger Line,,17635,17635,0,10,10,0,0,0,0,0,0,0,17635,17635,0,10,10,0,0,0,0,0,0,0
40.0,59.0,59.0,Taicang Container Lines,,17202,17202,0,14,14,0,4369,4369,0,4,4,0,12833,12833,0,10,10,0,12024,12024,0,4,4,0
40.0,60.0,60.0,MTT Shipping,,15917,15917,0,17,17,0,13493,13493,0,15,15,0,2424,2424,0,2,2,0,12332,12332,0,6,6,0
40.0,61.0,61.0,Transworld Group Singapore,,14922,14922,0,12,12,0,14922,14922,0,12,12,0,0,0,0,0,0,0,0,0,0,0,0,0
40.0,62.0,62.0,Boluda Lines,,14629,14629,0,18,18,0,9326,9326,0,12,12,0,5303,5303,0,6,6,0,0,0,0,0,0,0
40.0,63.0,63.0,Cool Carriers,,14217,14217,0,40,40,0,4022,4022,0,13,13,0,10195,10195,0,27,27,0,0,0,0,0,0,0
40.0,64.0,64.0,Peel Ports (BG Freight),,14009,14009,0,14,14,0,0,0,0,0,0,0,14009,14009,0,14,14,0,0,0,0,0,0,0
40.0,65.0,65.0,Turkon Line,,13857,13857,0,6,6,0,11512,11512,0,5,5,0,2345,2345,0,1,1,0,4000,4000,0,1,1,0
40.0,66.0,66.0,Eimskip,,13218,13218,0,15,15,0,5174,5174,0,7,7,0,8044,8044,0,8,8,0,4560,4560,0,2,2,0
40.0,67.0,67.0,Pasha Hawaii Transport Lines,,12903,12903,0,6,6,0,12903,12903,0,6,6,0,0,0,0,0,0,0,0,0,0,0,0,0
40.0,68.0,68.0,Caribbean Feeder Services,,12825,12825,0,11,11,0,0,0,0,0,0,0,12825,12825,0,11,11,0,0,0,0,0,0,0
40.0,69.0,69.0,Independent Container Line,,12398,12398,0,4,4,0,6182,6182,0,2,2,0,6216,6216,0,2,2,0,0,0,0,0,0,0
40.0,70.0,70.0,HR Lines,,11932,11932,0,8,8,0,11932,11932,0,8,8,0,0,0,0,0,0,0,0,0,0,0,0,0
40.0,71.0,71.0,Pan Ocean (Container),,11399,11399,0,10,10,0,9186,9186,0,7,7,0,2213,2213,0,3,3,0,0,0,0,0,0,0
40.0,72.0,72.0,MODUL,,11191,11191,0,4,4,0,0,0,0,0,0,0,11191,11191,0,4,4,0,0,0,0,0,0,0
40.0,73.0,73.0,Hai An Transport,,11057,11057,0,8,8,0,11057,11057,0,8,8,0,0,0,0,0,0,0,40684,40684,0,8,8,0
40.0,74.0,74.0,Qatar Navigation (Milaha),,10939,10939,0,7,7,0,8615,8615,0,5,5,0,2324,2324,0,2,2,0,0,0,0,0,0,0
40.0,75.0,75.0,King Ocean,,10853,10853,0,15,15,0,0,0,0,0,0,0,10853,10853,0,15,15,0,0,0,0,0,0,0
40.0,76.0,76.0,Philippine Span Asia Carrier Corp.,,10143,10143,0,17,17,0,8926,8926,0,15,15,0,1217,1217,0,2,2,0,400,400,0,1,1,0
40.0,77.0,77.0,Neptune Pacific Direct Line,,9783,9783,0,9,9,0,9783,9783,0,9,9,0,0,0,0,0,0,0,0,0,0,0,0,0
40.0,78.0,85.0,Greta Shipping,,9398,8785,613,5,5,0,1118,1118,0,1,1,0,8280,7667,613,4,4,0,0,0,0,0,0,0
40.0,79.0,78.0,Imoto Lines,,9295,9295,0,31,31,0,7423,7423,0,24,24,0,1872,1872,0,7,7,0,1141,1141,0,3,3,0
40.0,80.0,79.0,Pan Continental Shg,,9288,9288,0,8,8,0,8660,8660,0,7,7,0,628,628,0,1,1,0,2200,2200,0,2,2,0
40.0,81.0,80.0,Borchard Lines,,9284,9284,0,10,10,0,0,0,0,0,0,0,9284,9284,0,10,10,0,0,0,0,0,0,0
40.0,82.0,81.0,Dalian Trawind Marine Co,,9272,9272,0,2,2,0,9272,9272,0,2,2,0,0,0,0,0,0,0,0,0,0,0,0,0
40.0,83.0,82.0,Dalian Jifa Bohai Rim Container L.,,9082,9082,0,13,13,0,3140,3140,0,4,4,0,5942,5942,0,9,9,0,0,0,0,0,0,0
40.0,84.0,83.0,Sea Express Shipping Lines,,8865,8865,0,6,6,0,1550,1550,0,1,1,0,7315,7315,0,5,5,0,7032,7032,0,3,3,0
40.0,85.0,86.0,Vistar Shipping LLC,,8611,8611,0,5,5,0,8611,8611,0,5,5,0,0,0,0,0,0,0,0,0,0,0,0,0
40.0,86.0,87.0,Q Express Line Sdn Bhd,,8458,8458,0,2,2,0,0,0,0,0,0,0,8458,8458,0,2,2,0,0,0,0,0,0,0
40.0,87.0,88.0,OVP Shipping,,8370,8370,0,6,6,0,0,0,0,0,0,0,8370,8370,0,6,6,0,8792,8792,0,2,2,0
40.0,88.0,89.0,Folk Maritime,,8302,8302,0,6,6,0,7567,7567,0,5,5,0,735,735,0,1,1,0,0,0,0,0,0,0
40.0,89.0,90.0,GS Lines,,8154,8154,0,9,9,0,6718,6718,0,7,7,0,1436,1436,0,2,2,0,0,0,0,0,0,0
40.0,90.0,91.0,Transit LLC,,8092,8092,0,7,7,0,6582,6582,0,6,6,0,1510,1510,0,1,1,0,0,0,0,0,0,0
40.0,91.0,93.0,EAS Datong,,8017,8017,0,6,6,0,7415,7415,0,5,5,0,602,602,0,1,1,0,0,0,0,0,0,0
40.0,92.0,94.0,Oceanic Cargo Lines,,7970,7970,0,17,17,0,7970,7970,0,17,17,0,0,0,0,0,0,0,0,0,0,0,0,0
40.0,93.0,95.0,Safetrans Shipping,,7772,7772,0,3,3,0,0,0,0,0,0,0,7772,7772,0,3,3,0,0,0,0,0,0,0
40.0,94.0,96.0,Harbour-Link Group Bhd,,7687,7687,0,10,10,0,7687,7687,0,10,10,0,0,0,0,0,0,0,0,0,0,0,0,0
40.0,95.0,97.0,Del Monte Fresh Produce Co,,7656,7656,0,6,6,0,7656,7656,0,6,6,0,0,0,0,0,0,0,0,0,0,0,0,0
40.0,96.0,84.0,Panda Express Line,,7628,8828,-1200,5,6,-1,0,0,0,0,0,0,7628,8828,-1200,5,6,-1,1510,1510,0,1,1,0
40.0,97.0,98.0,Kambara Kisen,,7566,7566,0,7,7,0,7566,7566,0,7,7,0,0,0,0,0,0,0,0,0,0,0,0,0
40.0,98.0,99.0,Tarros,,7323,7323,0,5,5,0,0,0,0,0,0,0,7323,7323,0,5,5,0,0,0,0,0,0,0
40.0,99.0,100.0,Sea Lead Shipping,,7157,7157,0,3,3,0,7157,7157,0,3,3,0,0,0,0,0,0,0,0,0,0,0,0,0
40.0,100.0,,Irish Continental Group,,7067,0,7067,8,0,8,4699,0,4699,5,0,5,2368,0,2368,3,0,3,0,0,0,0,0,0
40.0,,92.0,GT Lines,,0,8034,-8034,0,8,-8,0,0,0,0,0,0,0,8034,-8034,0,8,-8,0,0,0,0,0,0
40.0,,,Others / Outside Top 100,,809745,806554,3191,1046,1044,2,0,0,0,0,0,0,0,0,0,0,0,0,0,0,0,0,0,0
